Brand,Car,Battery,Range,Efficiency,kWh_per_100km,FastCharge_kmh,Top_speed_kmh,Accel_0_100_s,Price_EUR,Range_per_kWh_km,Price_per_kWh_EUR,Price_per_kmRange_EUR,Link
Tesla,Tesla Model Y Long Range Dual Motor,75.0,435,172,17.2,670.0,217,5.0,59017.0,5.8,786.8933333333333,135.6712643678161,https://ev-database.org/car/1619/Tesla-Model-Y-Long-Range-Dual-Motor
Tesla,Tesla Model 3,57.5,420,137,13.7,700.0,201,6.1,46220.0,7.304347826086956,803.8260869565217,110.04761904761905,https://ev-database.org/car/1991/Tesla-Model-3
BYD,BYD ATTO 3,60.5,330,183,18.3,370.0,160,7.3,44625.0,5.454545454545454,737.603305785124,135.22727272727272,https://ev-database.org/car/1782/BYD-ATTO-3
MG,MG MG4 Electric 64 kWh,61.7,360,171,17.1,630.0,160,7.9,39990.0,5.834683954619124,648.1361426256077,111.08333333333333,https://ev-database.org/car/1708/MG-MG4-Electric-64-kWh
Tesla,Tesla Model 3 Long Range Dual Motor,75.0,505,149,14.9,780.0,201,4.4,55220.0,6.733333333333333,736.2666666666667,109.34653465346534,https://ev-database.org/car/1992/Tesla-Model-3-Long-Range-Dual-Motor
Tesla,Tesla Model Y,57.5,350,164,16.4,580.0,217,6.9,47567.0,6.086956521739131,827.2521739130435,135.90571428571428,https://ev-database.org/car/1743/Tesla-Model-Y
BMW,BMW iX xDrive40,71.0,360,197,19.7,480.0,200,6.1,77300.0,5.070422535211268,1088.7323943661972,214.72222222222223,https://ev-database.org/car/1472/BMW-iX-xDrive40
Volvo,Volvo EX30 Single Motor ER,64.0,370,173,17.3,550.0,180,5.3,41790.0,5.78125,652.96875,112.94594594594595,https://ev-database.org/car/1910/Volvo-EX30-Single-Motor-ER
Citroen,Citroen e-C3,44.0,250,176,17.6,320.0,135,11.0,23300.0,5.681818181818182,529.5454545454545,93.2,https://ev-database.org/car/2039/Citroen-e-C3
BYD,BYD SEAL 82.5 kWh AWD Excellence,82.5,485,170,17.0,530.0,180,3.8,53668.0,5.878787878787879,650.5212121212121,110.65567010309279,https://ev-database.org/car/2002/BYD-SEAL-825-kWh-AWD-Excellence
BMW,BMW i4 eDrive40,80.7,515,157,15.7,800.0,190,5.7,59200.0,6.381660470879802,733.5811648079306,114.95145631067962,https://ev-database.org/car/1252/BMW-i4-eDrive40
Renault,Renault Megane E-Tech EV60 220hp,60.0,380,158,15.8,530.0,160,7.4,46600.0,6.333333333333333,776.6666666666666,122.63157894736842,https://ev-database.org/car/1521/Renault-Megane-E-Tech-EV60-220hp
BMW,BMW iX1 xDrive30,64.7,380,170,17.0,550.0,180,5.6,55000.0,5.873261205564142,850.0772797527047,144.73684210526315,https://ev-database.org/car/1701/BMW-iX1-xDrive30
Hyundai,Hyundai Kona Electric 64 kWh,64.0,390,164,16.4,370.0,167,7.9,42900.0,6.09375,670.3125,110.0,https://ev-database.org/car/1423/Hyundai-Kona-Electric-64-kWh
Tesla,Tesla Model Y Performance,75.0,415,181,18.1,640.0,250,3.7,63667.0,5.533333333333333,848.8933333333333,153.4144578313253,https://ev-database.org/car/1183/Tesla-Model-Y-Performance
Kia,Kia Niro EV,64.8,385,168,16.8,390.0,167,7.8,45690.0,5.941358024691358,705.0925925925926,118.67532467532467,https://ev-database.org/car/1666/Kia-Niro-EV
Rolls-Royce,Rolls-Royce Spectre,100.0,455,220,22.0,540.0,250,4.5,,4.55,,,https://ev-database.org/car/1765/Rolls-Royce-Spectre
Tesla,Tesla Model S Plaid,95.0,560,170,17.0,780.0,282,2.1,110970.0,5.894736842105263,1168.1052631578948,198.16071428571428,https://ev-database.org/car/1405/Tesla-Model-S-Plaid
BMW,BMW iX3,74.0,385,192,19.2,520.0,180,6.8,67300.0,5.202702702702703,909.4594594594595,174.80519480519482,https://ev-database.org/car/1535/BMW-iX3
Hongqi,Hongqi E-HS9 99 kWh,90.0,370,243,24.3,430.0,200,4.9,,4.111111111111111,,,https://ev-database.org/car/1747/Hongqi-E-HS9-99-kWh
Fiat,Fiat 500e Hatchback 42 kWh,37.3,235,159,15.9,390.0,150,9.0,34990.0,6.3002680965147455,938.0697050938338,148.89361702127658,https://ev-database.org/car/1285/Fiat-500e-Hatchback-42-kWh
BYD,BYD HAN,85.4,475,180,18.0,450.0,180,3.9,70805.0,5.562060889929742,829.0983606557377,149.06315789473683,https://ev-database.org/car/1784/BYD-HAN
Tesla,Tesla Model S Dual Motor,95.0,575,165,16.5,800.0,250,3.2,95970.0,6.052631578947368,1010.2105263157895,166.90434782608696,https://ev-database.org/car/1404/Tesla-Model-S-Dual-Motor
BYD,BYD DOLPHIN 60.4 kWh,60.5,340,178,17.8,340.0,160,7.0,35990.0,5.619834710743802,594.8760330578513,105.8529411764706,https://ev-database.org/car/1919/BYD-DOLPHIN-604-kWh
CUPRA,CUPRA Born 150 kW - 58 kWh,58.0,350,166,16.6,470.0,160,7.3,39370.0,6.0344827586206895,678.7931034482758,112.48571428571428,https://ev-database.org/car/1516/CUPRA-Born-150-kW---58-kWh
Dacia,Dacia Spring Electric 45,25.0,165,152,15.2,180.0,125,19.1,22550.0,6.6,902.0,136.66666666666666,https://ev-database.org/car/1705/Dacia-Spring-Electric-45
BMW,BMW i5 eDrive40 Sedan,81.2,475,171,17.1,710.0,193,6.0,70200.0,5.84975369458128,864.5320197044334,147.78947368421052,https://ev-database.org/car/1906/BMW-i5-eDrive40-Sedan
BMW,BMW i4 M50,80.7,450,179,17.9,700.0,225,3.9,70800.0,5.5762081784386615,877.3234200743494,157.33333333333334,https://ev-database.org/car/1519/BMW-i4-M50
Opel,Opel Astra Electric,50.8,305,167,16.7,490.0,170,9.2,41990.0,6.003937007874016,826.5748031496064,137.672131147541,https://ev-database.org/car/1792/Opel-Astra-Electric
MG,MG ZS EV Long Range,68.3,370,185,18.5,420.0,175,8.4,37990.0,5.417276720351391,556.2225475841874,102.67567567567568,https://ev-database.org/car/1541/MG-ZS-EV-Long-Range
Audi,Audi Q4 e-tron 40,76.6,405,189,18.9,630.0,160,8.5,,5.287206266318538,,,https://ev-database.org/car/1490/Audi-Q4-e-tron-40
BMW,BMW i7 xDrive60,101.7,510,199,19.9,760.0,240,4.7,139900.0,5.014749262536873,1375.614552605703,274.3137254901961,https://ev-database.org/car/1676/BMW-i7-xDrive60
Toyota,Toyota bZ4X FWD,64.0,340,188,18.8,510.0,160,7.5,47490.0,5.3125,742.03125,139.6764705882353,https://ev-database.org/car/1564/Toyota-bZ4X-FWD
Volvo,Volvo EX30 Single Motor,49.0,280,175,17.5,430.0,180,5.7,36590.0,5.714285714285714,746.734693877551,130.67857142857142,https://ev-database.org/car/1909/Volvo-EX30-Single-Motor
Smart,Smart #1,62.0,335,185,18.5,520.0,180,6.7,42490.0,5.403225806451613,685.3225806451613,126.83582089552239,https://ev-database.org/car/1667/Smart-1
Kia,Kia EV6 Long Range 2WD,74.0,410,180,18.0,1070.0,185,7.3,51990.0,5.54054054054054,702.5675675675676,126.8048780487805,https://ev-database.org/car/1481/Kia-EV6-Long-Range-2WD
Volkswagen,Volkswagen ID.7 Pro,77.0,475,162,16.2,710.0,180,6.5,56995.0,6.1688311688311686,740.1948051948052,119.98947368421052,https://ev-database.org/car/1839/Volkswagen-ID7-Pro
BMW,BMW iX xDrive50,105.2,505,208,20.8,680.0,200,4.6,100100.0,4.800380228136882,951.5209125475285,198.21782178217822,https://ev-database.org/car/1473/BMW-iX-xDrive50
Audi,Audi Q8 e-tron 55 quattro,106.0,505,210,21.0,640.0,200,5.6,85300.0,4.764150943396227,804.7169811320755,168.9108910891089,https://ev-database.org/car/1770/Audi-Q8-e-tron-55-quattro
MG,MG MG4 Electric 51 kWh,50.8,300,169,16.9,390.0,160,7.7,34990.0,5.905511811023622,688.7795275590552,116.63333333333334,https://ev-database.org/car/1707/MG-MG4-Electric-51-kWh
Peugeot,Peugeot e-3008 73 kWh,73.0,400,183,18.3,460.0,180,7.0,,5.47945205479452,,,https://ev-database.org/car/2003/Peugeot-e-3008-73-kWh
BYD,BYD SEAL 82.5 kWh RWD Design,82.5,500,165,16.5,550.0,180,5.9,47578.0,6.0606060606060606,576.7030303030303,95.156,https://ev-database.org/car/2001/BYD-SEAL-825-kWh-RWD-Design
Skoda,Skoda Enyaq 85,77.0,455,169,16.9,680.0,180,6.7,48900.0,5.909090909090909,635.0649350649351,107.47252747252747,https://ev-database.org/car/2020/Skoda-Enyaq-85
Hyundai,Hyundai Kona Electric 65 kWh,65.4,390,168,16.8,400.0,170,8.8,47190.0,5.963302752293577,721.5596330275229,121.0,https://ev-database.org/car/1830/Hyundai-Kona-Electric-65-kWh
Volkswagen,Volkswagen ID.3 Pro,58.0,350,166,16.6,450.0,160,7.3,39995.0,6.0344827586206895,689.5689655172414,114.27142857142857,https://ev-database.org/car/1831/Volkswagen-ID3-Pro
Renault,Renault Zoe ZE50 R110,52.0,315,165,16.5,230.0,135,11.4,36840.0,6.0576923076923075,708.4615384615385,116.95238095238095,https://ev-database.org/car/1164/Renault-Zoe-ZE50-R110
Kia,Kia EV9 99.8 kWh AWD,96.0,425,226,22.6,740.0,200,6.0,76490.0,4.427083333333333,796.7708333333334,179.9764705882353,https://ev-database.org/car/1835/Kia-EV9-998-kWh-AWD
Peugeot,Peugeot e-208,46.3,285,162,16.2,460.0,150,8.1,39100.0,6.155507559395248,844.4924406047517,137.19298245614036,https://ev-database.org/car/1583/Peugeot-e-208
Audi,Audi e-tron GT RS,85.0,405,210,21.0,1000.0,250,3.3,146050.0,4.764705882352941,1718.235294117647,360.61728395061726,https://ev-database.org/car/1153/Audi-e-tron-GT-RS
Renault,Renault Twingo Electric,21.3,135,158,15.8,,135,12.6,28000.0,6.338028169014084,1314.5539906103286,207.40740740740742,https://ev-database.org/car/1270/Renault-Twingo-Electric
CUPRA,CUPRA Born 170 kW - 77 kWh,77.0,450,171,17.1,630.0,160,7.0,46450.0,5.8441558441558445,603.2467532467532,103.22222222222223,https://ev-database.org/car/1518/CUPRA-Born-170-kW---77-kWh
BYD,BYD TANG,86.4,360,240,24.0,330.0,180,4.6,71400.0,4.166666666666666,826.3888888888888,198.33333333333334,https://ev-database.org/car/1783/BYD-TANG
Mini,Mini Cooper SE,28.9,180,161,16.1,260.0,150,7.3,35700.0,6.228373702422146,1235.2941176470588,198.33333333333334,https://ev-database.org/car/1409/Mini-Cooper-SE
BMW,BMW i4 eDrive35,67.0,430,156,15.6,580.0,190,6.0,56500.0,6.417910447761194,843.2835820895523,131.3953488372093,https://ev-database.org/car/1785/BMW-i4-eDrive35
Hyundai,Hyundai IONIQ 6 Long Range AWD,74.0,440,168,16.8,1150.0,185,5.1,61100.0,5.945945945945946,825.6756756756756,138.86363636363637,https://ev-database.org/car/1719/Hyundai-IONIQ-6-Long-Range-AWD
Kia,Kia EV6 GT,74.0,360,206,20.6,940.0,260,3.5,72990.0,4.864864864864865,986.3513513513514,202.75,https://ev-database.org/car/1471/Kia-EV6-GT
Hyundai,Hyundai IONIQ 6 Long Range 2WD,74.0,495,149,14.9,1290.0,185,7.4,54000.0,6.6891891891891895,729.7297297297297,109.0909090909091,https://ev-database.org/car/1718/Hyundai-IONIQ-6-Long-Range-2WD
Jeep,Jeep Avenger Electric,50.8,310,164,16.4,500.0,150,9.0,37000.0,6.10236220472441,728.3464566929134,119.35483870967742,https://ev-database.org/car/1816/Jeep-Avenger-Electric
Nissan,Nissan Ariya 87kWh,87.0,450,193,19.3,540.0,160,7.6,58990.0,5.172413793103448,678.0459770114943,131.0888888888889,https://ev-database.org/car/1302/Nissan-Ariya-87kWh
Nissan,Nissan Leaf,39.0,235,166,16.6,230.0,144,7.9,33400.0,6.0256410256410255,856.4102564102565,142.12765957446808,https://ev-database.org/car/1656/Nissan-Leaf
Volkswagen,Volkswagen ID. Buzz Pro,77.0,345,223,22.3,480.0,145,10.2,64581.0,4.48051948051948,838.7142857142857,187.19130434782608,https://ev-database.org/car/1651/Volkswagen-ID-Buzz-Pro
Mercedes,Mercedes EQA 250+,70.5,420,168,16.8,580.0,160,8.6,,5.957446808510638,,,https://ev-database.org/car/1698/Mercedes-EQA-250plus
Volkswagen,Volkswagen ID.4 Pro,77.0,435,177,17.7,650.0,180,6.7,46335.0,5.64935064935065,601.7532467532468,106.51724137931035,https://ev-database.org/car/2028/Volkswagen-ID4-Pro
Opel,Opel Corsa-e,46.3,295,157,15.7,470.0,150,8.1,,6.371490280777538,,,https://ev-database.org/car/1585/Opel-Corsa-e
Zeekr,Zeekr 001 Performance AWD,94.0,505,186,18.6,700.0,200,3.8,63970.0,5.372340425531915,680.531914893617,126.67326732673267,https://ev-database.org/car/1934/Zeekr-001-Performance-AWD
Citroen,Citroen e-C4,46.3,290,160,16.0,460.0,150,9.7,36040.0,6.263498920086393,778.4017278617711,124.27586206896552,https://ev-database.org/car/1587/Citroen-e-C4
Polestar,Polestar 4 Long Range Dual Motor,94.0,465,202,20.2,690.0,200,3.8,,4.946808510638298,,,https://ev-database.org/car/1842/Polestar-4-Long-Range-Dual-Motor
Lucid,Lucid Air Dream Edition R,118.0,685,172,17.2,870.0,270,2.9,218000.0,5.805084745762712,1847.457627118644,318.24817518248176,https://ev-database.org/car/1696/Lucid-Air-Dream-Edition-R
MG,MG MG4 Electric 77 kWh,74.4,425,175,17.5,430.0,180,6.5,45990.0,5.712365591397849,618.1451612903226,108.21176470588236,https://ev-database.org/car/1973/MG-MG4-Electric-77-kWh
Peugeot,Peugeot e-3008 98 kWh Long Range,98.0,520,188,18.8,680.0,180,7.0,,5.3061224489795915,,,https://ev-database.org/car/2005/Peugeot-e-3008-98-kWh-Long-Range
Hyundai,Hyundai IONIQ 5 N,80.0,385,208,20.8,950.0,260,3.4,,4.8125,,,https://ev-database.org/car/2044/Hyundai-IONIQ-5-N
Hyundai,Hyundai IONIQ 5 Long Range 2WD,74.0,390,190,19.0,1020.0,185,7.3,47900.0,5.27027027027027,647.2972972972973,122.82051282051282,https://ev-database.org/car/1662/Hyundai-IONIQ-5-Long-Range-2WD
Tesla,Tesla Model Y,57.5,350,164,16.4,810.0,217,6.9,47567.0,6.086956521739131,827.2521739130435,135.90571428571428,https://ev-database.org/car/1974/Tesla-Model-Y
Honda,Honda e:Ny1,61.9,335,185,18.5,300.0,160,7.6,47590.0,5.4119547657512115,768.8206785137319,142.0597014925373,https://ev-database.org/car/1940/Honda-eNy1
BYD,BYD DOLPHIN 44.9 kWh Active,44.9,255,176,17.6,260.0,150,10.0,29990.0,5.679287305122495,667.9287305122494,117.6078431372549,https://ev-database.org/car/1917/BYD-DOLPHIN-449-kWh-Active
Lotus,Lotus Eletre,109.0,495,220,22.0,1040.0,250,4.5,95990.0,4.541284403669724,880.6422018348624,193.91919191919192,https://ev-database.org/car/1767/Lotus-Eletre
Polestar,Polestar 2 Long Range Single Motor,79.0,470,168,16.8,700.0,205,6.2,54475.0,5.949367088607595,689.5569620253165,115.90425531914893,https://ev-database.org/car/1818/Polestar-2-Long-Range-Single-Motor
Volvo,Volvo EX30 Twin Motor Performance,64.0,360,178,17.8,540.0,180,3.6,48490.0,5.625,757.65625,134.69444444444446,https://ev-database.org/car/1911/Volvo-EX30-Twin-Motor-Performance
BMW,BMW iX1 eDrive20,64.7,390,166,16.6,560.0,170,8.3,47900.0,6.0278207109737245,740.3400309119011,122.82051282051282,https://ev-database.org/car/1996/BMW-iX1-eDrive20
Hyundai,Hyundai IONIQ 6 Standard Range 2WD,54.0,365,148,14.8,900.0,185,8.8,43900.0,6.7592592592592595,812.9629629629629,120.27397260273973,https://ev-database.org/car/1717/Hyundai-IONIQ-6-Standard-Range-2WD
Volkswagen,Volkswagen ID.7 Pro S,86.0,520,165,16.5,800.0,180,7.0,,6.046511627906977,,,https://ev-database.org/car/1840/Volkswagen-ID7-Pro-S
Opel,Opel Mokka-e,46.3,260,178,17.8,420.0,150,9.2,40650.0,5.615550755939525,877.9697624190065,156.34615384615384,https://ev-database.org/car/1586/Opel-Mokka-e
Mercedes,Mercedes EQB 350 4MATIC,66.5,340,196,19.6,490.0,160,6.2,,5.112781954887218,,,https://ev-database.org/car/1493/Mercedes-EQB-350-4MATIC
MG,MG MG4 Electric XPOWER,61.7,320,193,19.3,560.0,200,3.8,46990.0,5.186385737439222,761.5883306320907,146.84375,https://ev-database.org/car/1944/MG-MG4-Electric-XPOWER
Smart,Smart #1 Brabus,62.0,315,197,19.7,490.0,180,3.9,48990.0,5.080645161290323,790.1612903225806,155.52380952380952,https://ev-database.org/car/1748/Smart-1-Brabus
Subaru,Subaru Solterra AWD,64.0,320,200,20.0,480.0,160,6.9,57490.0,5.0,898.28125,179.65625,https://ev-database.org/car/1567/Subaru-Solterra-AWD
Mercedes,Mercedes EQS 450+,108.4,635,171,17.1,950.0,210,6.1,109551.0,5.857933579335793,1010.6180811808117,172.5212598425197,https://ev-database.org/car/2008/Mercedes-EQS-450plus
Fisker,Fisker Ocean One,106.5,530,201,20.1,630.0,205,3.9,69950.0,4.976525821596244,656.8075117370892,131.9811320754717,https://ev-database.org/car/1712/Fisker-Ocean-One
Volvo,Volvo XC40 Recharge Single Motor ER,79.0,405,195,19.5,600.0,180,7.3,53000.0,5.1265822784810124,670.8860759493671,130.8641975308642,https://ev-database.org/car/1797/Volvo-XC40-Recharge-Single-Motor-ER
Zeekr,Zeekr 001 Long Range RWD,94.0,530,177,17.7,740.0,200,7.2,60970.0,5.638297872340425,648.6170212765958,115.0377358490566,https://ev-database.org/car/1933/Zeekr-001-Long-Range-RWD
Skoda,Skoda Enyaq Coupe 85,77.0,485,159,15.9,720.0,180,6.7,51150.0,6.298701298701299,664.2857142857143,105.4639175257732,https://ev-database.org/car/2024/Skoda-Enyaq-Coupe-85
BMW,BMW i5 M60 xDrive Sedan,81.2,425,191,19.1,630.0,230,3.8,99500.0,5.233990147783251,1225.3694581280788,234.11764705882354,https://ev-database.org/car/1907/BMW-i5-M60-xDrive-Sedan
Audi,Audi e-tron GT quattro,85.0,420,202,20.2,1030.0,245,4.1,106050.0,4.9411764705882355,1247.6470588235295,252.5,https://ev-database.org/car/1420/Audi-e-tron-GT-quattro
Kia,Kia EV6 Long Range AWD,74.0,400,185,18.5,1050.0,185,5.2,55980.0,5.405405405405405,756.4864864864865,139.95,https://ev-database.org/car/1482/Kia-EV6-Long-Range-AWD
MG,MG MG5 Electric Long Range,57.4,335,171,17.1,330.0,185,7.7,38490.0,5.83623693379791,670.5574912891987,114.8955223880597,https://ev-database.org/car/1474/MG-MG5-Electric-Long-Range
Mazda,Mazda MX-30,30.0,170,176,17.6,210.0,140,9.7,35990.0,5.666666666666667,1199.6666666666667,211.7058823529412,https://ev-database.org/car/1680/Mazda-MX-30
Polestar,Polestar 4 Long Range Single Motor,94.0,495,190,19.0,740.0,180,7.4,,5.26595744680851,,,https://ev-database.org/car/1841/Polestar-4-Long-Range-Single-Motor
Maxus,Maxus MIFA 9,84.0,365,230,23.0,330.0,180,9.2,68990.0,4.345238095238095,821.3095238095239,189.013698630137,https://ev-database.org/car/1837/Maxus-MIFA-9
Hyundai,Hyundai Kona Electric 39 kWh,39.2,245,160,16.0,210.0,155,9.9,36400.0,6.249999999999999,928.5714285714286,148.57142857142858,https://ev-database.org/car/1422/Hyundai-Kona-Electric-39-kWh
Fisker,Fisker Ocean Ultra,106.5,535,199,19.9,640.0,200,4.2,57000.0,5.023474178403756,535.2112676056338,106.54205607476635,https://ev-database.org/car/1710/Fisker-Ocean-Ultra
Renault,Renault Zoe ZE50 R135,52.0,310,168,16.8,230.0,140,9.5,37840.0,5.961538461538462,727.6923076923077,122.06451612903226,https://ev-database.org/car/1205/Renault-Zoe-ZE50-R135
Kia,Kia EV9 99.8 kWh RWD,96.0,450,213,21.3,780.0,185,9.4,72490.0,4.6875,755.1041666666666,161.0888888888889,https://ev-database.org/car/1834/Kia-EV9-998-kWh-RWD
Lexus,Lexus RZ 450e,64.0,320,200,20.0,480.0,160,5.6,68000.0,5.0,1062.5,212.5,https://ev-database.org/car/1677/Lexus-RZ-450e
Tesla,Tesla Model X Dual Motor,95.0,475,200,20.0,660.0,250,3.9,100970.0,5.0,1062.842105263158,212.56842105263158,https://ev-database.org/car/1407/Tesla-Model-X-Dual-Motor
Mercedes,Mercedes EQB 250+,70.5,415,170,17.0,560.0,160,8.9,53514.0,5.886524822695035,759.063829787234,128.94939759036146,https://ev-database.org/car/1988/Mercedes-EQB-250plus
Hyundai,Hyundai IONIQ 5 Long Range AWD,74.0,385,192,19.2,1010.0,185,5.1,59200.0,5.202702702702703,800.0,153.76623376623377,https://ev-database.org/car/1663/Hyundai-IONIQ-5-Long-Range-AWD
Peugeot,Peugeot e-308,50.8,300,169,16.9,450.0,170,9.8,44765.0,5.905511811023622,881.2007874015749,149.21666666666667,https://ev-database.org/car/1744/Peugeot-e-308
Tesla,Tesla Model X Plaid,95.0,455,209,20.9,630.0,262,2.6,115970.0,4.7894736842105265,1220.7368421052631,254.87912087912088,https://ev-database.org/car/1408/Tesla-Model-X-Plaid
Volvo,Volvo XC40 Recharge Twin Motor,79.0,390,203,20.3,580.0,180,4.8,59950.0,4.936708860759493,758.8607594936709,153.71794871794873,https://ev-database.org/car/1798/Volvo-XC40-Recharge-Twin-Motor
Hyundai,Hyundai IONIQ 5 Standard Range 2WD,54.0,295,183,18.3,720.0,185,8.5,43900.0,5.462962962962963,812.9629629629629,148.8135593220339,https://ev-database.org/car/1476/Hyundai-IONIQ-5-Standard-Range-2WD
Volkswagen,Volkswagen ID.5 Pro,77.0,455,169,16.9,680.0,180,6.7,48970.0,5.909090909090909,635.974025974026,107.62637362637362,https://ev-database.org/car/2031/Volkswagen-ID5-Pro
Mercedes,Mercedes EQB 300 4MATIC,66.5,340,196,19.6,490.0,160,8.0,,5.112781954887218,,,https://ev-database.org/car/1559/Mercedes-EQB-300-4MATIC
Audi,Audi Q8 e-tron Sportback 55 quattro,106.0,525,202,20.2,660.0,200,5.6,87550.0,4.952830188679245,825.9433962264151,166.76190476190476,https://ev-database.org/car/1772/Audi-Q8-e-tron-Sportback-55-quattro
BMW,BMW iX2 xDrive30,64.7,380,170,17.0,550.0,180,5.6,56500.0,5.873261205564142,873.2612055641422,148.68421052631578,https://ev-database.org/car/2040/BMW-iX2-xDrive30
Audi,Audi Q4 e-tron 45,77.0,420,183,18.3,630.0,180,6.7,52950.0,5.454545454545454,687.6623376623377,126.07142857142857,https://ev-database.org/car/2013/Audi-Q4-e-tron-45
Zeekr,Zeekr X Privilege AWD,64.0,350,183,18.3,520.0,180,3.8,50470.0,5.46875,788.59375,144.2,https://ev-database.org/car/1937/Zeekr-X-Privilege-AWD
BMW,BMW iX M60,105.2,485,217,21.7,650.0,250,3.8,136100.0,4.610266159695818,1293.7262357414447,280.6185567010309,https://ev-database.org/car/1590/BMW-iX-M60
Fiat,Fiat 600e,50.8,305,167,16.7,490.0,150,9.0,36490.0,6.003937007874016,718.3070866141733,119.63934426229508,https://ev-database.org/car/1945/Fiat-600e
Smart,Smart #3,62.0,355,175,17.5,550.0,180,6.7,43490.0,5.725806451612903,701.4516129032259,122.50704225352112,https://ev-database.org/car/1999/Smart-3
MG,MG Marvel R,70.0,365,192,19.2,400.0,200,7.9,46990.0,5.214285714285714,671.2857142857143,128.73972602739727,https://ev-database.org/car/1524/MG-Marvel-R
Nissan,Nissan Leaf e+,59.0,340,174,17.4,240.0,157,6.9,41100.0,5.762711864406779,696.6101694915254,120.88235294117646,https://ev-database.org/car/1657/Nissan-Leaf-eplus
Polestar,Polestar 2 Long Range Dual Motor,79.0,450,176,17.6,670.0,205,4.5,58775.0,5.69620253164557,743.9873417721519,130.61111111111111,https://ev-database.org/car/1819/Polestar-2-Long-Range-Dual-Motor
Dacia,Dacia Spring Electric 65 Extreme,25.0,160,156,15.6,170.0,125,13.7,24550.0,6.4,982.0,153.4375,https://ev-database.org/car/1813/Dacia-Spring-Electric-65-Extreme
Mercedes,Mercedes EQE 350+,90.6,530,171,17.1,790.0,210,6.4,,5.849889624724062,,,https://ev-database.org/car/2006/Mercedes-EQE-350plus
Volkswagen,Volkswagen ID.3 Pro S - 4 Seats,77.0,455,169,16.9,680.0,160,7.9,47595.0,5.909090909090909,618.1168831168832,104.6043956043956,https://ev-database.org/car/1832/Volkswagen-ID3-Pro-S---4-Seats
Mercedes,Mercedes EQS SUV 580 4MATIC,108.4,485,224,22.4,720.0,210,4.6,135434.0,4.474169741697417,1249.391143911439,279.24536082474225,https://ev-database.org/car/1675/Mercedes-EQS-SUV-580-4MATIC
Kia,Kia EV9 99.8 kWh AWD GT-Line,96.0,415,231,23.1,720.0,200,5.3,82380.0,4.322916666666667,858.125,198.50602409638554,https://ev-database.org/car/1993/Kia-EV9-998-kWh-AWD-GT-Line
Renault,Renault Megane E-Tech EV60 130hp,60.0,380,158,15.8,530.0,150,10.5,47000.0,6.333333333333333,783.3333333333334,123.6842105263158,https://ev-database.org/car/1588/Renault-Megane-E-Tech-EV60-130hp
Skoda,Skoda Enyaq 60,58.0,340,171,17.1,460.0,160,8.7,44200.0,5.862068965517241,762.0689655172414,130.0,https://ev-database.org/car/2019/Skoda-Enyaq-60
Citroen,Citroen e-C4 X,46.3,285,162,16.2,460.0,150,9.7,37540.0,6.155507559395248,810.7991360691145,131.71929824561403,https://ev-database.org/car/1706/Citroen-e-C4-X
Ford,Ford Mustang Mach-E ER RWD,91.0,480,190,19.0,420.0,180,7.0,58500.0,5.274725274725275,642.8571428571429,121.875,https://ev-database.org/car/2035/Ford-Mustang-Mach-E-ER-RWD
Lucid,Lucid Air Grand Touring,112.0,665,168,16.8,840.0,270,3.0,159000.0,5.9375,1419.642857142857,239.09774436090225,https://ev-database.org/car/1316/Lucid-Air-Grand-Touring
Volvo,Volvo XC40 Recharge Single Motor,66.0,345,191,19.1,420.0,180,7.3,47500.0,5.2272727272727275,719.6969696969697,137.68115942028984,https://ev-database.org/car/1796/Volvo-XC40-Recharge-Single-Motor
Polestar,Polestar 2 Standard Range Single Motor,67.0,405,165,16.5,480.0,205,6.4,50775.0,6.044776119402985,757.8358208955224,125.37037037037037,https://ev-database.org/car/1817/Polestar-2-Standard-Range-Single-Motor
Peugeot,Peugeot e-2008 54 kWh,50.8,300,169,16.9,480.0,150,9.1,40050.0,5.905511811023622,788.3858267716536,133.5,https://ev-database.org/car/1947/Peugeot-e-2008-54-kWh
XPENG,XPENG G9 RWD Standard Range,75.8,400,190,19.0,840.0,200,6.4,,5.277044854881266,,,https://ev-database.org/car/1824/XPENG-G9-RWD-Standard-Range
ORA,ORA Funky Cat 48 kWh,45.4,260,175,17.5,240.0,160,8.3,38990.0,5.726872246696035,858.8105726872247,149.96153846153845,https://ev-database.org/car/1781/ORA-Funky-Cat-48-kWh
Audi,Audi Q4 e-tron 50 quattro,76.6,385,199,19.9,550.0,180,6.2,,5.026109660574413,,,https://ev-database.org/car/1491/Audi-Q4-e-tron-50-quattro
Hongqi,Hongqi E-HS9 84 kWh,76.5,320,239,23.9,440.0,200,6.5,,4.183006535947713,,,https://ev-database.org/car/1746/Hongqi-E-HS9-84-kWh
Polestar,Polestar 3 Long Range Dual motor,107.0,490,218,21.8,640.0,210,5.0,88600.0,4.579439252336448,828.0373831775701,180.81632653061226,https://ev-database.org/car/1758/Polestar-3-Long-Range-Dual-motor
MG,MG Marvel R Performance,70.0,350,200,20.0,380.0,200,4.9,50990.0,5.0,728.4285714285714,145.68571428571428,https://ev-database.org/car/1475/MG-Marvel-R-Performance
MG,MG ZS EV Standard Range,49.0,265,185,18.5,250.0,175,8.6,33990.0,5.408163265306122,693.6734693877551,128.26415094339623,https://ev-database.org/car/1540/MG-ZS-EV-Standard-Range
CUPRA,CUPRA Tavascan VZ,77.0,430,179,17.9,640.0,180,5.6,,5.584415584415584,,,https://ev-database.org/car/1972/CUPRA-Tavascan-VZ
Toyota,Toyota bZ4X AWD,64.0,315,203,20.3,470.0,160,6.9,57390.0,4.921875,896.71875,182.1904761904762,https://ev-database.org/car/1565/Toyota-bZ4X-AWD
Audi,Audi Q8 e-tron 50 quattro,89.0,425,209,20.9,660.0,200,6.0,74400.0,4.775280898876405,835.9550561797753,175.05882352941177,https://ev-database.org/car/1769/Audi-Q8-e-tron-50-quattro
Nissan,Nissan Ariya 63kWh,63.0,335,188,18.8,450.0,160,7.5,47490.0,5.317460317460317,753.8095238095239,141.76119402985074,https://ev-database.org/car/1301/Nissan-Ariya-63kWh
Kia,Kia EV6 Standard Range 2WD,54.0,305,177,17.7,750.0,185,8.5,46990.0,5.648148148148148,870.1851851851852,154.0655737704918,https://ev-database.org/car/1480/Kia-EV6-Standard-Range-2WD
Lucid,Lucid Air Dream Edition P,118.0,665,177,17.7,840.0,270,2.7,218000.0,5.635593220338983,1847.457627118644,327.81954887218046,https://ev-database.org/car/1098/Lucid-Air-Dream-Edition-P
Volvo,Volvo EX90 Twin Motor,107.0,465,230,23.0,610.0,180,5.9,105550.0,4.345794392523365,986.4485981308411,226.98924731182797,https://ev-database.org/car/1775/Volvo-EX90-Twin-Motor
Mercedes,Mercedes EQA 250,66.5,405,164,16.4,580.0,160,8.6,50777.0,6.090225563909774,763.5639097744361,125.37530864197531,https://ev-database.org/car/1984/Mercedes-EQA-250
Mercedes,Mercedes EQV 300 Long,90.0,310,290,29.0,310.0,160,12.1,71626.0,3.4444444444444446,795.8444444444444,231.05161290322582,https://ev-database.org/car/1240/Mercedes-EQV-300-Long
NIO,NIO ET7 75 kWh,70.5,400,176,17.6,540.0,200,3.8,81900.0,5.673758865248227,1161.7021276595744,204.75,https://ev-database.org/car/1751/NIO-ET7-75-kWh
Ford,Ford Mustang Mach-E ER AWD,91.0,445,204,20.4,390.0,180,5.8,65900.0,4.8901098901098905,724.1758241758242,148.08988764044943,https://ev-database.org/car/2037/Ford-Mustang-Mach-E-ER-AWD
Volkswagen,Volkswagen ID.4 Pure,52.0,285,182,18.2,360.0,160,9.0,40335.0,5.480769230769231,775.6730769230769,141.52631578947367,https://ev-database.org/car/2027/Volkswagen-ID4-Pure
VinFast,VinFast VF 9 Extended Range,123.0,520,237,23.7,520.0,200,6.5,89790.0,4.227642276422764,730.0,172.67307692307693,https://ev-database.org/car/1811/VinFast-VF-9-Extended-Range
NIO,NIO ET5 100 kWh,90.0,500,180,18.0,520.0,200,4.0,68500.0,5.555555555555555,761.1111111111111,137.0,https://ev-database.org/car/1787/NIO-ET5-100-kWh
Skoda,Skoda Enyaq 85x,77.0,440,175,17.5,660.0,180,6.6,51150.0,5.714285714285714,664.2857142857143,116.25,https://ev-database.org/car/2021/Skoda-Enyaq-85x
XPENG,XPENG G9 RWD Long Range,93.1,490,190,19.0,1020.0,200,6.4,,5.2631578947368425,,,https://ev-database.org/car/1825/XPENG-G9-RWD-Long-Range
Volvo,Volvo C40 Recharge Twin Motor,79.0,400,198,19.8,600.0,180,4.7,61400.0,5.063291139240507,777.2151898734177,153.5,https://ev-database.org/car/1801/Volvo-C40-Recharge-Twin-Motor
Fisker,Fisker Ocean Sport,75.0,380,197,19.7,480.0,160,7.4,41560.0,5.066666666666666,554.1333333333333,109.36842105263158,https://ev-database.org/car/1709/Fisker-Ocean-Sport
Mercedes,Mercedes EQE SUV 500 4MATIC,96.0,455,211,21.1,630.0,210,4.9,99841.0,4.739583333333333,1040.0104166666667,219.43076923076924,https://ev-database.org/car/2048/Mercedes-EQE-SUV-500-4MATIC
Mini,Mini Cooper SE,49.0,310,158,15.8,440.0,170,6.7,36900.0,6.326530612244898,753.0612244897959,119.03225806451613,https://ev-database.org/car/1998/Mini-Cooper-SE
Ford,Ford Mustang Mach-E SR RWD,72.6,380,191,19.1,460.0,180,7.3,55800.0,5.234159779614325,768.5950413223142,146.8421052631579,https://ev-database.org/car/2034/Ford-Mustang-Mach-E-SR-RWD
Volvo,Volvo C40 Recharge Single Motor ER,79.0,420,188,18.8,630.0,180,7.3,54450.0,5.3164556962025316,689.2405063291139,129.64285714285714,https://ev-database.org/car/1800/Volvo-C40-Recharge-Single-Motor-ER
Jaguar,Jaguar I-Pace EV400,84.7,380,223,22.3,360.0,200,4.8,92400.0,4.48642266824085,1090.9090909090908,243.1578947368421,https://ev-database.org/car/1812/Jaguar-I-Pace-EV400
Skoda,Skoda Enyaq Coupe RS,77.0,455,169,16.9,680.0,180,5.5,63300.0,5.909090909090909,822.077922077922,139.12087912087912,https://ev-database.org/car/2026/Skoda-Enyaq-Coupe-RS
XPENG,XPENG P7 Wing Edition,82.7,465,178,17.8,650.0,200,4.1,,5.62273276904474,,,https://ev-database.org/car/1823/XPENG-P7-Wing-Edition
Fisker,Fisker Ocean Extreme,106.5,530,201,20.1,630.0,205,3.9,69950.0,4.976525821596244,656.8075117370892,131.9811320754717,https://ev-database.org/car/1711/Fisker-Ocean-Extreme
Mercedes,Mercedes EQE 300,89.0,525,170,17.0,660.0,210,7.3,67187.0,5.898876404494382,754.9101123595506,127.9752380952381,https://ev-database.org/car/1897/Mercedes-EQE-300
Honda,Honda e Advance,28.5,170,168,16.8,180.0,145,8.3,39900.0,5.964912280701754,1400.0,234.7058823529412,https://ev-database.org/car/1233/Honda-e-Advance
Lotus,Lotus Eletre R,109.0,455,240,24.0,950.0,260,2.9,150990.0,4.174311926605505,1385.2293577981652,331.84615384615387,https://ev-database.org/car/1768/Lotus-Eletre-R
Smart,Smart #3 Brabus,62.0,330,188,18.8,510.0,180,3.7,50990.0,5.32258064516129,822.4193548387096,154.5151515151515,https://ev-database.org/car/2000/Smart-3-Brabus
Peugeot,Peugeot e-308 SW,50.8,300,169,16.9,450.0,150,9.0,45765.0,5.905511811023622,900.8858267716536,152.55,https://ev-database.org/car/1745/Peugeot-e-308-SW
Mercedes,Mercedes EQE SUV 350 4MATIC,89.0,425,209,20.9,540.0,210,6.6,,4.775280898876405,,,https://ev-database.org/car/1761/Mercedes-EQE-SUV-350-4MATIC
Mercedes,Mercedes EQS SUV 450+,108.4,500,217,21.7,750.0,210,6.7,110801.0,4.612546125461255,1022.1494464944649,221.602,https://ev-database.org/car/1673/Mercedes-EQS-SUV-450plus
BYD,BYD DOLPHIN 44.9 kWh Boost,44.9,255,176,17.6,260.0,160,8.0,32740.0,5.679287305122495,729.1759465478842,128.3921568627451,https://ev-database.org/car/1918/BYD-DOLPHIN-449-kWh-Boost
Opel,Opel Corsa Electric 51 kWh,48.1,315,153,15.3,490.0,150,8.1,38045.0,6.548856548856548,790.9563409563409,120.77777777777777,https://ev-database.org/car/1942/Opel-Corsa-Electric-51-kWh
SsangYong,SsangYong Korando e-Motion,56.0,290,193,19.3,330.0,156,8.5,40490.0,5.178571428571429,723.0357142857143,139.6206896551724,https://ev-database.org/car/1589/SsangYong-Korando-e-Motion
Volkswagen,Volkswagen ID.4 Pro 4MOTION,77.0,425,181,18.1,630.0,180,6.6,49020.0,5.51948051948052,636.6233766233767,115.34117647058824,https://ev-database.org/car/2029/Volkswagen-ID4-Pro-4MOTION
Mercedes,Mercedes EQA 350 4MATIC,66.5,350,190,19.0,500.0,160,6.0,,5.2631578947368425,,,https://ev-database.org/car/1496/Mercedes-EQA-350-4MATIC
Renault,Renault Megane E-Tech EV40 130hp,40.0,260,154,15.4,370.0,150,10.0,42000.0,6.5,1050.0,161.53846153846155,https://ev-database.org/car/1536/Renault-Megane-E-Tech-EV40-130hp
Smart,Smart #1 Pro,47.0,255,184,18.4,330.0,180,6.7,37490.0,5.425531914893617,797.6595744680851,147.01960784313727,https://ev-database.org/car/2041/Smart-1-Pro
Citroen,Citroen e-C4 54 kWh,50.8,330,154,15.4,470.0,150,10.0,41540.0,6.496062992125984,817.7165354330709,125.87878787878788,https://ev-database.org/car/1938/Citroen-e-C4-54-kWh
Lucid,Lucid Air Touring,92.0,580,159,15.9,970.0,250,3.2,129000.0,6.304347826086956,1402.1739130434783,222.41379310344828,https://ev-database.org/car/1317/Lucid-Air-Touring
CUPRA,CUPRA Tavascan Endurance,77.0,450,171,17.1,670.0,180,6.8,,5.8441558441558445,,,https://ev-database.org/car/1971/CUPRA-Tavascan-Endurance
Volvo,Volvo EX90 Twin Motor Performance,107.0,450,238,23.8,590.0,180,4.9,110650.0,4.205607476635514,1034.1121495327102,245.88888888888889,https://ev-database.org/car/1776/Volvo-EX90-Twin-Motor-Performance
Peugeot,Peugeot e-2008 50 kWh,46.3,270,171,17.1,430.0,150,9.9,,5.831533477321814,,,https://ev-database.org/car/1946/Peugeot-e-2008-50-kWh
Volkswagen,Volkswagen ID.4 GTX,77.0,420,183,18.3,630.0,180,5.4,53255.0,5.454545454545454,691.6233766233767,126.79761904761905,https://ev-database.org/car/2030/Volkswagen-ID4-GTX
Mercedes,Mercedes EQA 350 4MATIC,66.5,355,187,18.7,510.0,160,6.0,56424.0,5.338345864661654,848.4812030075188,158.94084507042254,https://ev-database.org/car/1987/Mercedes-EQA-350-4MATIC
Skoda,Skoda Enyaq Coupe 85x,77.0,470,164,16.4,700.0,180,6.6,53400.0,6.103896103896104,693.5064935064935,113.61702127659575,https://ev-database.org/car/2025/Skoda-Enyaq-Coupe-85x
Mercedes,Mercedes EQA 250+,70.5,430,164,16.4,600.0,160,8.6,52205.0,6.099290780141844,740.4964539007092,121.40697674418605,https://ev-database.org/car/1985/Mercedes-EQA-250plus
Genesis,Genesis GV60 Premium,74.0,390,190,19.0,1020.0,185,7.8,,5.27027027027027,,,https://ev-database.org/car/1647/Genesis-GV60-Premium
Mercedes,Mercedes EQS 580 4MATIC,108.4,590,184,18.4,880.0,210,4.3,141705.0,5.44280442804428,1307.2416974169741,240.17796610169492,https://ev-database.org/car/2011/Mercedes-EQS-580-4MATIC
Renault,Renault Kangoo E-Tech Electric,45.0,220,205,20.5,230.0,132,12.6,39300.0,4.888888888888889,873.3333333333334,178.63636363636363,https://ev-database.org/car/1802/Renault-Kangoo-E-Tech-Electric
Peugeot,Peugeot e-208 51 kWh,48.1,310,155,15.5,480.0,150,8.2,36775.0,6.444906444906445,764.5530145530146,118.62903225806451,https://ev-database.org/car/1949/Peugeot-e-208-51-kWh
Aiways,Aiways U5,60.0,315,190,19.0,380.0,150,7.5,39563.0,5.25,659.3833333333333,125.5968253968254,https://ev-database.org/car/1678/Aiways-U5
Hyundai,Hyundai Kona Electric 48 kWh,48.4,290,167,16.7,280.0,160,7.8,41990.0,5.991735537190083,867.5619834710744,144.79310344827587,https://ev-database.org/car/1829/Hyundai-Kona-Electric-48-kWh
Audi,Audi Q4 e-tron 55 quattro,77.0,395,195,19.5,590.0,180,5.4,59000.0,5.12987012987013,766.2337662337662,149.36708860759492,https://ev-database.org/car/2015/Audi-Q4-e-tron-55-quattro
XPENG,XPENG G9 AWD Performance,93.1,475,196,19.6,990.0,200,3.9,,5.1020408163265305,,,https://ev-database.org/car/1826/XPENG-G9-AWD-Performance
Audi,Audi Q4 Sportback e-tron 40,76.6,425,180,18.0,660.0,160,8.5,,5.5483028720626635,,,https://ev-database.org/car/1528/Audi-Q4-Sportback-e-tron-40
NIO,NIO ET7 100 kWh,90.0,505,178,17.8,530.0,200,3.8,90900.0,5.611111111111111,1010.0,180.0,https://ev-database.org/car/1752/NIO-ET7-100-kWh
Mercedes,Mercedes EQA 300 4MATIC,66.5,350,190,19.0,500.0,160,7.7,,5.2631578947368425,,,https://ev-database.org/car/1495/Mercedes-EQA-300-4MATIC
Audi,Audi Q4 Sportback e-tron 45,77.0,435,177,17.7,650.0,180,6.7,54950.0,5.64935064935065,713.6363636363636,126.32183908045977,https://ev-database.org/car/2016/Audi-Q4-Sportback-e-tron-45
Mercedes,Mercedes EQE SUV 500 4MATIC,90.6,435,208,20.8,650.0,210,4.9,,4.801324503311259,,,https://ev-database.org/car/1762/Mercedes-EQE-SUV-500-4MATIC
Kia,Kia e-Soul 64 kWh,64.0,370,173,17.3,350.0,167,7.9,46950.0,5.78125,733.59375,126.89189189189189,https://ev-database.org/car/1749/Kia-e-Soul-64-kWh
BMW,BMW i7 eDrive50,101.7,520,196,19.6,780.0,205,5.5,115700.0,5.11307767944936,1137.6597836774827,222.5,https://ev-database.org/car/1905/BMW-i7-eDrive50
Audi,Audi SQ8 e-tron,106.0,455,233,23.3,570.0,210,4.5,95800.0,4.2924528301886795,903.7735849056604,210.54945054945054,https://ev-database.org/car/1773/Audi-SQ8-e-tron
Porsche,Porsche Taycan GTS,83.7,450,186,18.6,1110.0,250,3.7,139906.0,5.376344086021505,1671.5173237753881,310.90222222222224,https://ev-database.org/car/1560/Porsche-Taycan-GTS
XPENG,XPENG P7 RWD Long Range,82.7,495,167,16.7,690.0,200,6.7,,5.985489721886336,,,https://ev-database.org/car/1821/XPENG-P7-RWD-Long-Range
Porsche,Porsche Taycan Plus,83.7,485,173,17.3,1190.0,230,5.4,98863.0,5.7945041816009555,1181.15890083632,203.84123711340206,https://ev-database.org/car/1924/Porsche-Taycan-Plus
BMW,BMW i7 M70 xDrive,101.7,490,208,20.8,730.0,250,3.7,181800.0,4.818092428711898,1787.6106194690265,371.0204081632653,https://ev-database.org/car/1838/BMW-i7-M70-xDrive
Opel,Opel Astra Sports Tourer Electric,50.8,300,169,16.9,480.0,170,9.3,43490.0,5.905511811023622,856.1023622047245,144.96666666666667,https://ev-database.org/car/1793/Opel-Astra-Sports-Tourer-Electric
Volvo,Volvo C40 Recharge Single Motor,66.0,355,186,18.6,430.0,180,7.3,47500.0,5.378787878787879,719.6969696969697,133.80281690140845,https://ev-database.org/car/1799/Volvo-C40-Recharge-Single-Motor
Lucid,Lucid Air Pure AWD,92.0,590,156,15.6,990.0,200,4.2,109000.0,6.413043478260869,1184.7826086956522,184.74576271186442,https://ev-database.org/car/1318/Lucid-Air-Pure-AWD
Volkswagen,Volkswagen ID.5 GTX,77.0,430,179,17.9,640.0,180,5.5,56455.0,5.584415584415584,733.1818181818181,131.2906976744186,https://ev-database.org/car/2033/Volkswagen-ID5-GTX
Maserati,Maserati GranTurismo Folgore,83.0,425,195,19.5,990.0,320,2.7,,5.120481927710843,,,https://ev-database.org/car/1803/Maserati-GranTurismo-Folgore
Mini,Mini Countryman E,64.7,380,170,17.0,550.0,170,8.6,,5.873261205564142,,,https://ev-database.org/car/1994/Mini-Countryman-E
Fiat,Fiat 500e Hatchback 24 kWh,21.3,135,158,15.8,230.0,135,9.0,30990.0,6.338028169014084,1454.9295774647887,229.55555555555554,https://ev-database.org/car/1327/Fiat-500e-Hatchback-24-kWh
Opel,Opel Corsa Electric 50 kWh,46.3,295,157,15.7,470.0,150,8.7,34650.0,6.371490280777538,748.3801295896329,117.45762711864407,https://ev-database.org/car/1941/Opel-Corsa-Electric-50-kWh
Polestar,Polestar 3 Long Range Performance,107.0,470,228,22.8,610.0,210,4.7,95200.0,4.392523364485982,889.7196261682243,202.5531914893617,https://ev-database.org/car/1759/Polestar-3-Long-Range-Performance
Citroen,Citroen e-Berlingo M 50 kWh,46.3,205,226,22.6,330.0,135,11.7,37790.0,4.427645788336934,816.1987041036717,184.34146341463415,https://ev-database.org/car/1546/Citroen-e-Berlingo-M-50-kWh
Mercedes,Mercedes eVito Tourer Long 90 kWh,90.0,310,290,29.0,310.0,160,12.0,64248.0,3.4444444444444446,713.8666666666667,207.2516129032258,https://ev-database.org/car/1615/Mercedes-eVito-Tourer-Long-90-kWh
Nissan,Nissan Ariya e-4ORCE 87kWh - 225 kW,87.0,405,215,21.5,480.0,200,5.7,61990.0,4.655172413793103,712.528735632184,153.06172839506172,https://ev-database.org/car/1304/Nissan-Ariya-e-4ORCE-87kWh---225-kW
NIO,NIO EL6 100 kWh,90.0,440,205,20.5,460.0,200,4.5,74500.0,4.888888888888889,827.7777777777778,169.3181818181818,https://ev-database.org/car/1922/NIO-EL6-100-kWh
Citroen,Citroen e-C4 X 54 kWh,50.8,330,154,15.4,470.0,150,10.0,41540.0,6.496062992125984,817.7165354330709,125.87878787878788,https://ev-database.org/car/1939/Citroen-e-C4-X-54-kWh
DS,DS 3 E-Tense,50.8,300,169,16.9,480.0,150,9.0,40540.0,5.905511811023622,798.0314960629921,135.13333333333333,https://ev-database.org/car/1791/DS-3-E-Tense
Mercedes,Mercedes EQS 450 4MATIC,108.4,610,178,17.8,910.0,210,5.6,113359.0,5.627306273062731,1045.7472324723246,185.8344262295082,https://ev-database.org/car/2009/Mercedes-EQS-450-4MATIC
Seres,Seres 3,51.0,260,196,19.6,240.0,155,8.9,,5.098039215686274,,,https://ev-database.org/car/1804/Seres-3
MG,MG MG5 Electric Standard Range,46.0,265,174,17.4,320.0,185,7.7,35490.0,5.760869565217392,771.5217391304348,133.9245283018868,https://ev-database.org/car/1646/MG-MG5-Electric-Standard-Range
Mercedes,Mercedes EQE SUV 350+,96.0,475,202,20.2,660.0,210,6.9,86811.0,4.947916666666667,904.28125,182.76,https://ev-database.org/car/2046/Mercedes-EQE-SUV-350plus
Mercedes,Mercedes EQE 350 4MATIC,89.0,505,176,17.6,640.0,210,6.3,74149.0,5.674157303370786,833.1348314606741,146.82970297029703,https://ev-database.org/car/1899/Mercedes-EQE-350-4MATIC
Porsche,Porsche Taycan Turbo S,83.7,430,195,19.5,1060.0,260,2.8,197740.0,5.137395459976105,2362.4850657108723,459.86046511627904,https://ev-database.org/car/1928/Porsche-Taycan-Turbo-S
Peugeot,Peugeot e-Rifter Long 50 kWh,46.3,200,232,23.2,320.0,135,11.7,42440.0,4.319654427645789,916.6306695464364,212.2,https://ev-database.org/car/1523/Peugeot-e-Rifter-Long-50-kWh
NIO,NIO EL7 100 kWh,90.0,430,209,20.9,450.0,200,3.9,94900.0,4.777777777777778,1054.4444444444443,220.69767441860466,https://ev-database.org/car/1789/NIO-EL7-100-kWh
Ford,Ford Mustang Mach-E GT,91.0,425,214,21.4,380.0,200,3.7,77300.0,4.670329670329671,849.4505494505495,181.88235294117646,https://ev-database.org/car/2038/Ford-Mustang-Mach-E-GT
Mini,Mini Countryman SE ALL4,64.7,370,175,17.5,530.0,180,5.6,,5.7187017001545595,,,https://ev-database.org/car/1995/Mini-Countryman-SE-ALL4
Zeekr,Zeekr X Long Range RWD,64.0,360,178,17.8,540.0,180,5.6,45970.0,5.625,718.28125,127.69444444444444,https://ev-database.org/car/1936/Zeekr-X-Long-Range-RWD
Maserati,Maserati Grecale Folgore,95.0,405,235,23.5,440.0,220,4.1,,4.2631578947368425,,,https://ev-database.org/car/1843/Maserati-Grecale-Folgore
Zeekr,Zeekr 001 Privilege AWD,94.0,500,188,18.8,700.0,200,3.8,68970.0,5.319148936170213,733.7234042553191,137.94,https://ev-database.org/car/1935/Zeekr-001-Privilege-AWD
NIO,NIO ET5 Touring 100 kWh,90.0,485,186,18.6,500.0,200,4.0,68500.0,5.388888888888889,761.1111111111111,141.23711340206185,https://ev-database.org/car/1916/NIO-ET5-Touring-100-kWh
Polestar,Polestar 2 Long Range Performance,79.0,450,176,17.6,670.0,205,4.2,65275.0,5.69620253164557,826.2658227848101,145.05555555555554,https://ev-database.org/car/1820/Polestar-2-Long-Range-Performance
Mercedes,Mercedes EQB 300 4MATIC,66.5,345,193,19.3,500.0,160,8.0,55519.0,5.18796992481203,834.8721804511279,160.92463768115942,https://ev-database.org/car/1989/Mercedes-EQB-300-4MATIC
Volvo,Volvo EX90 Single Motor,101.0,460,220,22.0,600.0,180,8.4,,4.554455445544554,,,https://ev-database.org/car/1950/Volvo-EX90-Single-Motor
Nissan,Nissan Townstar EV Passenger,45.0,225,200,20.0,230.0,132,12.6,39990.0,5.0,888.6666666666666,177.73333333333332,https://ev-database.org/car/2042/Nissan-Townstar-EV-Passenger
ORA,ORA Funky Cat 63 kWh,59.3,340,174,17.4,240.0,160,8.2,44490.0,5.733558178752109,750.2529510961215,130.85294117647058,https://ev-database.org/car/1814/ORA-Funky-Cat-63-kWh
Mercedes,Mercedes EQE 350,89.0,515,173,17.3,650.0,210,6.4,70995.0,5.786516853932584,797.6966292134831,137.85436893203882,https://ev-database.org/car/1898/Mercedes-EQE-350
Audi,Audi Q8 e-tron Sportback 50 quattro,89.0,445,200,20.0,690.0,200,6.0,76650.0,5.0,861.2359550561798,172.24719101123594,https://ev-database.org/car/1771/Audi-Q8-e-tron-Sportback-50-quattro
Fiat,Fiat 500e 3+1 42 kWh,37.3,235,159,15.9,390.0,150,9.0,36990.0,6.3002680965147455,991.6890080428955,157.40425531914894,https://ev-database.org/car/1328/Fiat-500e-3plus1-42-kWh
Audi,Audi Q4 e-tron 45 quattro,77.0,395,195,19.5,590.0,180,6.6,54950.0,5.12987012987013,713.6363636363636,139.1139240506329,https://ev-database.org/car/2014/Audi-Q4-e-tron-45-quattro
NIO,NIO ET5 75 kWh,70.5,395,178,17.8,530.0,200,4.0,59500.0,5.602836879432624,843.9716312056737,150.63291139240508,https://ev-database.org/car/1786/NIO-ET5-75-kWh
Mini,Mini Cooper E,37.0,235,157,15.7,360.0,160,7.3,,6.351351351351352,,,https://ev-database.org/car/1997/Mini-Cooper-E
Genesis,Genesis GV70 Electrified Sport,74.0,350,211,21.1,860.0,235,4.2,67300.0,4.72972972972973,909.4594594594595,192.28571428571428,https://ev-database.org/car/1725/Genesis-GV70-Electrified-Sport
Mercedes,Mercedes EQB 350 4MATIC,66.5,345,193,19.3,500.0,160,6.2,58197.0,5.18796992481203,875.1428571428571,168.68695652173912,https://ev-database.org/car/1990/Mercedes-EQB-350-4MATIC
Peugeot,Peugeot e-3008 73 kWh Dual Motor,73.0,385,190,19.0,440.0,180,6.0,,5.273972602739726,,,https://ev-database.org/car/2004/Peugeot-e-3008-73-kWh-Dual-Motor
Mercedes,Mercedes EQS AMG 53 4MATIC+,108.4,535,203,20.3,800.0,250,3.4,155009.0,4.935424354243542,1429.972324723247,289.73644859813083,https://ev-database.org/car/2012/Mercedes-EQS-AMG-53-4MATICplus
NIO,NIO ET5 Touring 75 kWh,70.5,385,183,18.3,520.0,200,4.0,59500.0,5.460992907801418,843.9716312056737,154.54545454545453,https://ev-database.org/car/1915/NIO-ET5-Touring-75-kWh
Mercedes,Mercedes EQE SUV 350 4MATIC,90.6,435,208,20.8,550.0,210,6.6,89548.0,4.801324503311259,988.3885209713025,205.8574712643678,https://ev-database.org/car/2047/Mercedes-EQE-SUV-350-4MATIC
Audi,Audi Q4 Sportback e-tron 55 quattro,77.0,415,186,18.6,620.0,180,5.4,61000.0,5.3896103896103895,792.2077922077922,146.9879518072289,https://ev-database.org/car/2018/Audi-Q4-Sportback-e-tron-55-quattro
Skoda,Skoda Enyaq RS,77.0,435,177,17.7,650.0,180,5.5,61050.0,5.64935064935065,792.8571428571429,140.3448275862069,https://ev-database.org/car/2022/Skoda-Enyaq-RS
Genesis,Genesis G80 Electrified Luxury,82.5,440,188,18.8,880.0,225,4.9,69200.0,5.333333333333333,838.7878787878788,157.27272727272728,https://ev-database.org/car/1703/Genesis-G80-Electrified-Luxury
CUPRA,CUPRA Born 170 kW - 58 kWh,58.0,345,168,16.8,460.0,160,6.6,40750.0,5.948275862068965,702.5862068965517,118.1159420289855,https://ev-database.org/car/1517/CUPRA-Born-170-kW---58-kWh
Porsche,Porsche Taycan,71.0,420,169,16.9,1030.0,230,5.4,93139.0,5.915492957746479,1311.8169014084508,221.7595238095238,https://ev-database.org/car/1923/Porsche-Taycan
Mercedes,Mercedes EQS SUV 500 4MATIC,108.4,490,221,22.1,730.0,210,5.2,124545.0,4.520295202952029,1148.939114391144,254.1734693877551,https://ev-database.org/car/1795/Mercedes-EQS-SUV-500-4MATIC
Peugeot,Peugeot e-208 50 kWh,46.3,290,160,16.0,460.0,150,9.0,,6.263498920086393,,,https://ev-database.org/car/1948/Peugeot-e-208-50-kWh
e.Go,e.Go e.wave X,27.0,150,180,18.0,,135,12.0,24990.0,5.555555555555555,925.5555555555555,166.6,https://ev-database.org/car/1896/eGo-ewave-X
Mercedes,Mercedes EQT 200 Standard,45.0,225,200,20.0,230.0,132,12.6,49445.0,5.0,1098.7777777777778,219.75555555555556,https://ev-database.org/car/1908/Mercedes-EQT-200-Standard
Ford,Ford Mustang Mach-E SR AWD,72.6,350,207,20.7,430.0,180,6.2,,4.820936639118457,,,https://ev-database.org/car/2036/Ford-Mustang-Mach-E-SR-AWD
Lexus,Lexus UX 300e,64.0,340,188,18.8,170.0,160,7.5,,5.3125,,,https://ev-database.org/car/1943/Lexus-UX-300e
Mercedes,Mercedes EQS 500 4MATIC,108.4,590,184,18.4,880.0,210,4.8,125378.0,5.44280442804428,1156.6236162361622,212.5050847457627,https://ev-database.org/car/2010/Mercedes-EQS-500-4MATIC
Porsche,Porsche Taycan 4S Plus,83.7,480,174,17.4,1180.0,250,4.0,120081.0,5.734767025089606,1434.6594982078852,250.16875,https://ev-database.org/car/1926/Porsche-Taycan-4S-Plus
Mercedes,Mercedes EQE 500 4MATIC,90.6,505,179,17.9,750.0,210,4.7,88215.0,5.5739514348785875,973.6754966887418,174.68316831683168,https://ev-database.org/car/1900/Mercedes-EQE-500-4MATIC
Porsche,Porsche Taycan 4 Cross Turismo,83.7,440,190,19.0,1080.0,220,5.1,103254.0,5.256869772998805,1233.6200716845879,234.6681818181818,https://ev-database.org/car/1929/Porsche-Taycan-4-Cross-Turismo
Elaris,Elaris BEO 86 kWh,81.0,390,208,20.8,290.0,150,8.0,53090.0,4.814814814814815,655.4320987654321,136.12820512820514,https://ev-database.org/car/1975/Elaris-BEO-86-kWh
Mercedes,Mercedes EQS SUV 450 4MATIC,108.4,490,221,22.1,730.0,210,6.0,114609.0,4.520295202952029,1057.2785977859778,233.89591836734695,https://ev-database.org/car/1674/Mercedes-EQS-SUV-450-4MATIC
Nissan,Nissan Ariya e-4ORCE 87kWh - 290 kW,87.0,405,215,21.5,480.0,200,5.1,71490.0,4.655172413793103,821.7241379310345,176.5185185185185,https://ev-database.org/car/1305/Nissan-Ariya-e-4ORCE-87kWh---290-kW
Opel,Opel Vivaro-e Combi M 75 kWh,68.0,265,257,25.7,290.0,130,13.3,56942.0,3.8970588235294117,837.3823529411765,214.87547169811322,https://ev-database.org/car/1602/Opel-Vivaro-e-Combi-M-75-kWh
Audi,Audi Q4 Sportback e-tron 50 quattro,76.6,400,192,19.2,570.0,180,6.2,,5.221932114882507,,,https://ev-database.org/car/1492/Audi-Q4-Sportback-e-tron-50-quattro
ORA,ORA Funky Cat GT,59.3,330,180,18.0,230.0,160,8.2,49490.0,5.564924114671164,834.5699831365936,149.96969696969697,https://ev-database.org/car/1815/ORA-Funky-Cat-GT
Mercedes,Mercedes EQE SUV 300,90.6,450,201,20.1,570.0,210,7.6,83479.0,4.966887417218543,921.4017660044151,185.5088888888889,https://ev-database.org/car/2045/Mercedes-EQE-SUV-300
Audi,Audi SQ8 e-tron Sportback,106.0,480,221,22.1,610.0,210,4.5,98050.0,4.528301886792453,925.0,204.27083333333334,https://ev-database.org/car/1774/Audi-SQ8-e-tron-Sportback
Audi,Audi Q4 Sportback e-tron 45 quattro,77.0,415,186,18.6,620.0,180,6.6,56950.0,5.3896103896103895,739.6103896103896,137.2289156626506,https://ev-database.org/car/2017/Audi-Q4-Sportback-e-tron-45-quattro
XPENG,XPENG P7 AWD Performance,82.7,460,180,18.0,640.0,200,4.1,,5.562273276904474,,,https://ev-database.org/car/1822/XPENG-P7-AWD-Performance
Smart,Smart #1 Pulse,62.0,320,194,19.4,490.0,180,3.9,46490.0,5.161290322580645,749.8387096774194,145.28125,https://ev-database.org/car/1920/Smart-1-Pulse
Toyota,Toyota Proace City Verso Electric L1 50 kWh,46.3,210,220,22.0,330.0,135,11.2,37800.0,4.535637149028078,816.414686825054,180.0,https://ev-database.org/car/1779/Toyota-Proace-City-Verso-Electric-L1-50-kWh
Skoda,Skoda Enyaq Coupe 60,58.0,355,163,16.3,480.0,160,8.8,,6.120689655172414,,,https://ev-database.org/car/2023/Skoda-Enyaq-Coupe-60
Fiat,Fiat 500e Cabrio 42 kWh,37.3,230,162,16.2,380.0,150,9.0,37990.0,6.166219839142092,1018.4986595174264,165.17391304347825,https://ev-database.org/car/1275/Fiat-500e-Cabrio-42-kWh
Mercedes,Mercedes EQE SUV AMG 43 4MATIC,90.6,415,218,21.8,620.0,210,4.3,124920.0,4.580573951434879,1378.8079470198677,301.0120481927711,https://ev-database.org/car/1763/Mercedes-EQE-SUV-AMG-43-4MATIC
Toyota,Toyota PROACE Verso M 75 kWh,68.0,265,257,25.7,290.0,130,13.1,64530.0,3.8970588235294117,948.9705882352941,243.50943396226415,https://ev-database.org/car/1514/Toyota-PROACE-Verso-M-75-kWh
Toyota,Toyota Proace City Verso Electric L2 50 kWh,46.3,205,226,22.6,330.0,135,11.2,40150.0,4.427645788336934,867.170626349892,195.85365853658536,https://ev-database.org/car/1780/Toyota-Proace-City-Verso-Electric-L2-50-kWh
Porsche,Porsche Taycan 4S,71.0,415,171,17.1,1020.0,250,4.0,114559.0,5.845070422535211,1613.5070422535211,276.0457831325301,https://ev-database.org/car/1925/Porsche-Taycan-4S
VinFast,VinFast VF 8 Eco Extended Range,87.7,425,206,20.6,550.0,200,5.9,52990.0,4.8460661345496,604.2189281641961,124.68235294117648,https://ev-database.org/car/1807/VinFast-VF-8-Eco-Extended-Range
Mercedes,Mercedes EQE AMG 43 4MATIC,90.6,465,195,19.5,690.0,210,4.2,104756.0,5.1324503311258285,1156.2472406181016,225.28172043010753,https://ev-database.org/car/1901/Mercedes-EQE-AMG-43-4MATIC
Mercedes,Mercedes EQA 300 4MATIC,66.5,355,187,18.7,510.0,160,7.7,53520.0,5.338345864661654,804.812030075188,150.7605633802817,https://ev-database.org/car/1986/Mercedes-EQA-300-4MATIC
Fiat,Fiat 500e 3+1 24 kWh,21.3,135,158,15.8,230.0,135,9.0,,6.338028169014084,,,https://ev-database.org/car/1726/Fiat-500e-3plus1-24-kWh
Citroen,Citroen e-SpaceTourer M 50 kWh,46.3,185,250,25.0,290.0,130,12.1,53640.0,3.9956803455723544,1158.5313174946004,289.94594594594594,https://ev-database.org/car/1341/Citroen-e-SpaceTourer-M-50-kWh
Abarth,Abarth 500e Hatchback,37.8,225,168,16.8,370.0,155,7.0,37990.0,5.9523809523809526,1005.0264550264551,168.84444444444443,https://ev-database.org/car/1903/Abarth-500e-Hatchback
Mercedes,Mercedes EQE SUV AMG 53 4MATIC+,90.6,410,221,22.1,610.0,240,3.5,139438.0,4.525386313465784,1539.0507726269316,340.09268292682924,https://ev-database.org/car/1764/Mercedes-EQE-SUV-AMG-53-4MATICplus
Opel,Opel Zafira-e Life L 75 kWh,68.0,260,262,26.2,280.0,130,13.3,70075.0,3.823529411764706,1030.514705882353,269.5192307692308,https://ev-database.org/car/1349/Opel-Zafira-e-Life-L-75-kWh
Aiways,Aiways U6,60.0,350,171,17.1,430.0,160,7.0,47588.0,5.833333333333333,793.1333333333333,135.96571428571428,https://ev-database.org/car/1766/Aiways-U6
Toyota,Toyota PROACE Verso L 75 kWh,68.0,260,262,26.2,280.0,130,13.1,65385.0,3.823529411764706,961.5441176470588,251.48076923076923,https://ev-database.org/car/1515/Toyota-PROACE-Verso-L-75-kWh
NIO,NIO EL6 75 kWh,70.5,350,201,20.1,470.0,200,4.5,65500.0,4.964539007092198,929.0780141843971,187.14285714285714,https://ev-database.org/car/1921/NIO-EL6-75-kWh
Kia,Kia e-Soul 39.2 kWh,39.2,230,170,17.0,200.0,157,9.9,,5.86734693877551,,,https://ev-database.org/car/1750/Kia-e-Soul-392-kWh
Opel,Opel Combo-e Life 50 kWh,46.3,205,226,22.6,330.0,135,11.7,43050.0,4.427645788336934,929.805615550756,210.0,https://ev-database.org/car/1544/Opel-Combo-e-Life-50-kWh
Citroen,Citroen e-Jumpy Combi M 75 kWh,68.0,265,257,25.7,290.0,130,13.3,57940.0,3.8970588235294117,852.0588235294117,218.64150943396226,https://ev-database.org/car/1597/Citroen-e-Jumpy-Combi-M-75-kWh
Mercedes,Mercedes EQE AMG 53 4MATIC+,90.6,465,195,19.5,690.0,220,3.5,110706.0,5.1324503311258285,1221.9205298013246,238.0774193548387,https://ev-database.org/car/1902/Mercedes-EQE-AMG-53-4MATICplus
Mercedes,Mercedes eVito Tourer Extra-Long 90 kWh,90.0,305,295,29.5,310.0,160,12.0,65140.0,3.388888888888889,723.7777777777778,213.5737704918033,https://ev-database.org/car/1616/Mercedes-eVito-Tourer-Extra-Long-90-kWh
Porsche,Porsche Taycan Turbo,83.7,445,188,18.8,1090.0,260,3.2,164420.0,5.316606929510155,1964.3966547192354,369.4831460674157,https://ev-database.org/car/1927/Porsche-Taycan-Turbo
Peugeot,Peugeot e-Expert Combi Standard 75 kWh,68.0,265,257,25.7,290.0,130,14.3,57940.0,3.8970588235294117,852.0588235294117,218.64150943396226,https://ev-database.org/car/1607/Peugeot-e-Expert-Combi-Standard-75-kWh
Peugeot,Peugeot e-Rifter Standard 50 kWh,46.3,205,226,22.6,330.0,135,11.7,41240.0,4.427645788336934,890.7127429805616,201.17073170731706,https://ev-database.org/car/1522/Peugeot-e-Rifter-Standard-50-kWh
Peugeot,Peugeot e-Traveller Long 75 kWh,68.0,260,262,26.2,280.0,130,14.3,60430.0,3.823529411764706,888.6764705882352,232.42307692307693,https://ev-database.org/car/1354/Peugeot-e-Traveller-Long-75-kWh
Genesis,Genesis GV60 Sport,74.0,380,195,19.5,990.0,200,5.5,63200.0,5.135135135135135,854.0540540540541,166.31578947368422,https://ev-database.org/car/1648/Genesis-GV60-Sport
Porsche,Porsche Taycan 4S Cross Turismo,83.7,440,190,19.0,1080.0,240,4.1,119914.0,5.256869772998805,1432.664277180406,272.5318181818182,https://ev-database.org/car/1930/Porsche-Taycan-4S-Cross-Turismo
VinFast,VinFast VF 8 Plus Extended Range,87.7,425,206,20.6,550.0,200,5.5,58890.0,4.8460661345496,671.4937286202965,138.56470588235294,https://ev-database.org/car/1809/VinFast-VF-8-Plus-Extended-Range
Porsche,Porsche Taycan Sport Turismo,71.0,380,187,18.7,930.0,230,5.4,94091.0,5.352112676056338,1325.225352112676,247.6078947368421,https://ev-database.org/car/1621/Porsche-Taycan-Sport-Turismo
Mercedes,Mercedes EQV 250 Long,60.0,210,286,28.6,200.0,160,12.0,68056.0,3.5,1134.2666666666667,324.0761904761905,https://ev-database.org/car/1542/Mercedes-EQV-250-Long
Mercedes,Mercedes EQV 300 Extra-Long,90.0,310,290,29.0,310.0,160,12.1,72519.0,3.4444444444444446,805.7666666666667,233.93225806451613,https://ev-database.org/car/1315/Mercedes-EQV-300-Extra-Long
Mercedes,Mercedes eVito Tourer Long 60 kWh,60.0,210,286,28.6,310.0,160,12.0,60678.0,3.5,1011.3,288.9428571428571,https://ev-database.org/car/1617/Mercedes-eVito-Tourer-Long-60-kWh
Abarth,Abarth 500e Convertible,37.8,225,168,16.8,370.0,155,7.0,40990.0,5.9523809523809526,1084.3915343915344,182.17777777777778,https://ev-database.org/car/1904/Abarth-500e-Convertible
Genesis,Genesis GV60 Sport Plus,74.0,365,203,20.3,950.0,235,4.0,73100.0,4.9324324324324325,987.8378378378378,200.27397260273972,https://ev-database.org/car/1649/Genesis-GV60-Sport-Plus
Mini,Mini Cooper SE Convertible,28.9,165,175,17.5,230.0,150,8.2,,5.709342560553633,,,https://ev-database.org/car/1827/Mini-Cooper-SE-Convertible
Citroen,Citroen e-SpaceTourer M 75 kWh,68.0,265,257,25.7,290.0,130,13.3,59640.0,3.8970588235294117,877.0588235294117,225.0566037735849,https://ev-database.org/car/1343/Citroen-e-SpaceTourer-M-75-kWh
NIO,NIO EL7 75 kWh,70.5,340,207,20.7,460.0,200,3.9,85900.0,4.822695035460993,1218.4397163120568,252.64705882352942,https://ev-database.org/car/1788/NIO-EL7-75-kWh
Peugeot,Peugeot e-Traveller Standard 75 kWh,68.0,265,257,25.7,290.0,130,14.3,59640.0,3.8970588235294117,877.0588235294117,225.0566037735849,https://ev-database.org/car/1353/Peugeot-e-Traveller-Standard-75-kWh
Peugeot,Peugeot e-Traveller Standard 50 kWh,46.3,185,250,25.0,290.0,130,13.1,53640.0,3.9956803455723544,1158.5313174946004,289.94594594594594,https://ev-database.org/car/1351/Peugeot-e-Traveller-Standard-50-kWh
Porsche,Porsche Taycan GTS Sport Turismo,83.7,425,197,19.7,1050.0,250,3.7,140858.0,5.077658303464755,1682.8912783751493,331.4305882352941,https://ev-database.org/car/1561/Porsche-Taycan-GTS-Sport-Turismo
Porsche,Porsche Taycan Turbo Cross Turismo,83.7,425,197,19.7,1050.0,250,3.3,165848.0,5.077658303464755,1981.4575866188768,390.23058823529414,https://ev-database.org/car/1931/Porsche-Taycan-Turbo-Cross-Turismo
Peugeot,Peugeot e-Expert Combi Long 75 kWh,68.0,260,262,26.2,280.0,130,14.3,58730.0,3.823529411764706,863.6764705882352,225.8846153846154,https://ev-database.org/car/1608/Peugeot-e-Expert-Combi-Long-75-kWh
Fiat,Fiat E-Ulysse L3 75 kWh,68.0,260,262,26.2,280.0,130,13.3,62990.0,3.823529411764706,926.3235294117648,242.26923076923077,https://ev-database.org/car/1724/Fiat-E-Ulysse-L3-75-kWh
Citroen,Citroen e-SpaceTourer XL 50 kWh,46.3,180,257,25.7,290.0,130,12.1,54430.0,3.8876889848812097,1175.5939524838013,302.3888888888889,https://ev-database.org/car/1342/Citroen-e-SpaceTourer-XL-50-kWh
Porsche,Porsche Taycan Turbo S Cross Turismo,83.7,410,204,20.4,1010.0,250,2.9,199168.0,4.898446833930705,2379.5459976105135,485.77560975609754,https://ev-database.org/car/1932/Porsche-Taycan-Turbo-S-Cross-Turismo
Citroen,Citroen e-Berlingo XL 50 kWh,46.3,205,226,22.6,330.0,135,11.7,43640.0,4.427645788336934,942.5485961123111,212.8780487804878,https://ev-database.org/car/1547/Citroen-e-Berlingo-XL-50-kWh
Fiat,Fiat 500e Cabrio 24 kWh,21.3,135,158,15.8,230.0,135,9.0,35490.0,6.338028169014084,1666.1971830985915,262.8888888888889,https://ev-database.org/car/1727/Fiat-500e-Cabrio-24-kWh
Porsche,Porsche Taycan Plus Sport Turismo,83.7,445,188,18.8,1090.0,230,5.4,99815.0,5.316606929510155,1192.5328554360813,224.30337078651687,https://ev-database.org/car/1622/Porsche-Taycan-Plus-Sport-Turismo
Toyota,Toyota PROACE Shuttle M 75 kWh,68.0,265,257,25.7,290.0,130,13.1,,3.8970588235294117,,,https://ev-database.org/car/1611/Toyota-PROACE-Shuttle-M-75-kWh
Toyota,Toyota PROACE Shuttle L 50 kWh,46.3,180,257,25.7,290.0,130,12.1,,3.8876889848812097,,,https://ev-database.org/car/1610/Toyota-PROACE-Shuttle-L-50-kWh
Porsche,Porsche Taycan Turbo S Sport Turismo,83.7,395,212,21.2,970.0,260,2.8,198692.0,4.7192353643966545,2373.8590203106332,503.01772151898734,https://ev-database.org/car/1626/Porsche-Taycan-Turbo-S-Sport-Turismo
Citroen,Citroen e-SpaceTourer XL 75 kWh,68.0,260,262,26.2,280.0,130,13.3,60430.0,3.823529411764706,888.6764705882352,232.42307692307693,https://ev-database.org/car/1344/Citroen-e-SpaceTourer-XL-75-kWh
Citroen,Citroen e-Jumpy Combi M 50 kWh,46.3,185,250,25.0,290.0,130,12.1,51940.0,3.9956803455723544,1121.8142548596113,280.7567567567568,https://ev-database.org/car/1595/Citroen-e-Jumpy-Combi-M-50-kWh
Opel,Opel Zafira-e Life M 50 kWh,46.3,185,250,25.0,290.0,130,12.1,63250.0,3.9956803455723544,1366.0907127429807,341.8918918918919,https://ev-database.org/car/1346/Opel-Zafira-e-Life-M-50-kWh
Toyota,Toyota PROACE Shuttle L 75 kWh,68.0,260,262,26.2,280.0,130,13.1,,3.823529411764706,,,https://ev-database.org/car/1612/Toyota-PROACE-Shuttle-L-75-kWh
Citroen,Citroen e-Jumpy Combi XL 75 kWh,68.0,260,262,26.2,280.0,130,13.3,58730.0,3.823529411764706,863.6764705882352,225.8846153846154,https://ev-database.org/car/1598/Citroen-e-Jumpy-Combi-XL-75-kWh
Porsche,Porsche Taycan 4S Plus Sport Turismo,83.7,430,195,19.5,1060.0,250,4.0,120081.0,5.137395459976105,1434.6594982078852,279.2581395348837,https://ev-database.org/car/1624/Porsche-Taycan-4S-Plus-Sport-Turismo
Opel,Opel Combo-e Life XL 50 kWh,46.3,200,232,23.2,320.0,135,11.7,44750.0,4.319654427645789,966.5226781857452,223.75,https://ev-database.org/car/1545/Opel-Combo-e-Life-XL-50-kWh
Toyota,Toyota PROACE Shuttle M 50 kWh,46.3,185,250,25.0,290.0,130,12.1,,3.9956803455723544,,,https://ev-database.org/car/1609/Toyota-PROACE-Shuttle-M-50-kWh
Porsche,Porsche Taycan 4S Sport Turismo,71.0,370,192,19.2,910.0,250,4.0,114559.0,5.211267605633803,1613.5070422535211,309.6189189189189,https://ev-database.org/car/1623/Porsche-Taycan-4S-Sport-Turismo
Peugeot,Peugeot e-Expert Combi Standard 50 kWh,46.3,185,250,25.0,290.0,130,13.1,51940.0,3.9956803455723544,1121.8142548596113,280.7567567567568,https://ev-database.org/car/1605/Peugeot-e-Expert-Combi-Standard-50-kWh
Mercedes,Mercedes eVito Tourer Extra-Long 60 kWh,60.0,205,293,29.3,300.0,160,12.0,61571.0,3.4166666666666665,1026.1833333333334,300.34634146341466,https://ev-database.org/car/1618/Mercedes-eVito-Tourer-Extra-Long-60-kWh
Peugeot,Peugeot e-Traveller Long 50 kWh,46.3,185,250,25.0,290.0,130,13.1,54430.0,3.9956803455723544,1175.5939524838013,294.2162162162162,https://ev-database.org/car/1352/Peugeot-e-Traveller-Long-50-kWh
Fiat,Fiat E-Ulysse L2 75 kWh,68.0,265,257,25.7,290.0,130,13.3,61990.0,3.8970588235294117,911.6176470588235,233.9245283018868,https://ev-database.org/car/1722/Fiat-E-Ulysse-L2-75-kWh
Porsche,Porsche Taycan Turbo Sport Turismo,83.7,405,207,20.7,1000.0,260,3.2,165372.0,4.838709677419355,1975.7706093189963,408.3259259259259,https://ev-database.org/car/1625/Porsche-Taycan-Turbo-Sport-Turismo
Mercedes,Mercedes EQV 250 Extra-Long,60.0,210,286,28.6,200.0,160,12.0,68949.0,3.5,1149.15,328.3285714285714,https://ev-database.org/car/1543/Mercedes-EQV-250-Extra-Long
Opel,Opel Vivaro-e Combi L 75 kWh,68.0,260,262,26.2,280.0,130,13.3,57775.0,3.823529411764706,849.6323529411765,222.21153846153845,https://ev-database.org/car/1603/Opel-Vivaro-e-Combi-L-75-kWh
Opel,Opel Vivaro-e Combi M 50 kWh,46.3,185,250,25.0,290.0,130,12.1,50992.0,3.9956803455723544,1101.3390928725703,275.63243243243244,https://ev-database.org/car/1600/Opel-Vivaro-e-Combi-M-50-kWh
Opel,Opel Zafira-e Life L 50 kWh,46.3,180,257,25.7,290.0,130,12.1,64075.0,3.8876889848812097,1383.9092872570195,355.97222222222223,https://ev-database.org/car/1347/Opel-Zafira-e-Life-L-50-kWh
Peugeot,Peugeot e-Expert Combi Long 50 kWh,46.3,185,250,25.0,290.0,130,13.1,52730.0,3.9956803455723544,1138.8768898488122,285.02702702702703,https://ev-database.org/car/1606/Peugeot-e-Expert-Combi-Long-50-kWh
Citroen,Citroen e-Jumpy Combi XL 50 kWh,46.3,180,257,25.7,290.0,130,12.1,52730.0,3.8876889848812097,1138.8768898488122,292.94444444444446,https://ev-database.org/car/1596/Citroen-e-Jumpy-Combi-XL-50-kWh
Fiat,Fiat E-Ulysse L2 50 kWh,46.3,185,250,25.0,290.0,130,12.1,55990.0,3.9956803455723544,1209.2872570194386,302.64864864864865,https://ev-database.org/car/1721/Fiat-E-Ulysse-L2-50-kWh
Opel,Opel Vivaro-e Combi L 50 kWh,46.3,180,257,25.7,290.0,130,12.1,51825.0,3.8876889848812097,1119.330453563715,287.9166666666667,https://ev-database.org/car/1601/Opel-Vivaro-e-Combi-L-50-kWh
Opel,Opel Zafira-e Life M 75 kWh,68.0,265,257,25.7,290.0,130,13.3,69250.0,3.8970588235294117,1018.3823529411765,261.3207547169811,https://ev-database.org/car/1348/Opel-Zafira-e-Life-M-75-kWh
Fiat,Fiat E-Ulysse L3 50 kWh,46.3,180,257,25.7,290.0,130,12.1,56990.0,3.8876889848812097,1230.8855291576674,316.6111111111111,https://ev-database.org/car/1723/Fiat-E-Ulysse-L3-50-kWh
